Inventory_ID,Product_ID,Warehouse,Stock_Available,Reorder_Level,Last_Updated
I00001,P0102,Delhi WH,323,66,2026-04-27
I00002,P0081,Mumbai WH,41,76,2026-05-13
I00003,P0125,Kolkata WH,25,61,2026-04-23
I00004,P0060,Mumbai WH,339,84,2026-04-30
I00005,P0133,Delhi WH,884,46,2026-04-23
I00006,P0068,Kolkata WH,693,35,2026-04-25
I00007,P0200,Kolkata WH,693,91,2026-05-09
I00008,P0046,Delhi WH,539,61,2026-05-05
I00009,P0015,Delhi WH,756,88,2026-05-13
I00010,P0072,Bangalore WH,502,95,2026-05-04
I00011,P0142,Delhi WH,994,63,2026-04-30
I00012,P0132,Bangalore WH,763,65,2026-04-26
I00013,P0057,Bangalore WH,81,67,2026-05-12
I00014,P0110,Mumbai WH,112,61,2026-05-11
I00015,P0061,Delhi WH,771,24,2026-05-14
I00016,P0115,Kolkata WH,400,72,2026-05-01
I00017,P0107,Bangalore WH,72,71,2026-04-21
I00018,P0055,Delhi WH,102,32,2026-05-07
I00019,P0147,Kolkata WH,745,75,2026-05-08
I00020,P0179,Kolkata WH,116,95,2026-05-07
I00021,P0086,Mumbai WH,771,48,2026-04-27
I00022,P0007,Delhi WH,511,46,2026-04-27
I00023,P0186,Kolkata WH,871,44,2026-04-28
I00024,P0066,Kolkata WH,245,82,2026-04-28
I00025,P0127,Kolkata WH,487,21,2026-05-05
I00026,P0199,Delhi WH,507,93,2026-05-03
I00027,P0162,Delhi WH,38,73,2026-05-02
I00028,P0025,Delhi WH,910,26,2026-05-06
I00029,P0004,Mumbai WH,951,67,2026-05-03
I00030,P0133,Delhi WH,56,81,2026-05-11
I00031,P0037,Kolkata WH,410,43,2026-04-19
I00032,P0070,Bangalore WH,719,58,2026-05-11
I00033,P0033,Mumbai WH,451,91,2026-05-11
I00034,P0070,Bangalore WH,259,38,2026-04-27
I00035,P0093,Mumbai WH,72,74,2026-05-01
I00036,P0085,Delhi WH,599,97,2026-05-01
I00037,P0007,Mumbai WH,743,48,2026-04-27
I00038,P0099,Bangalore WH,649,35,2026-04-24
I00039,P0034,Kolkata WH,843,77,2026-04-20
I00040,P0041,Kolkata WH,646,64,2026-04-26
I00041,P0123,Kolkata WH,877,49,2026-04-25
I00042,P0081,Mumbai WH,21,88,2026-05-11
I00043,P0026,Bangalore WH,562,53,2026-05-03
I00044,P0072,Mumbai WH,455,61,2026-05-12
I00045,P0181,Bangalore WH,771,88,2026-04-22
I00046,P0200,Kolkata WH,854,77,2026-04-30
I00047,P0068,Mumbai WH,199,24,2026-04-20
I00048,P0081,Mumbai WH,66,66,2026-04-21
I00049,P0022,Mumbai WH,955,61,2026-04-24
I00050,P0108,Bangalore WH,826,55,2026-04-25
I00051,P0003,Delhi WH,59,34,2026-05-14
I00052,P0187,Bangalore WH,671,83,2026-04-16
I00053,P0081,Delhi WH,46,23,2026-05-04
I00054,P0019,Delhi WH,915,52,2026-04-22
I00055,P0161,Kolkata WH,320,24,2026-05-13
I00056,P0090,Kolkata WH,406,100,2026-04-23
I00057,P0123,Kolkata WH,594,29,2026-04-17
I00058,P0066,Mumbai WH,986,75,2026-04-27
I00059,P0092,Mumbai WH,541,52,2026-04-16
I00060,P0002,Kolkata WH,23,25,2026-04-23
I00061,P0076,Kolkata WH,33,57,2026-04-27
I00062,P0183,Bangalore WH,270,65,2026-05-08
I00063,P0065,Bangalore WH,404,87,2026-05-02
I00064,P0055,Mumbai WH,759,88,2026-04-29
I00065,P0113,Mumbai WH,184,66,2026-04-20
I00066,P0105,Kolkata WH,298,90,2026-04-21
I00067,P0149,Delhi WH,890,56,2026-04-26
I00068,P0102,Bangalore WH,147,60,2026-04-21
I00069,P0114,Bangalore WH,71,30,2026-04-20
I00070,P0050,Kolkata WH,723,80,2026-05-02
I00071,P0155,Mumbai WH,766,30,2026-05-13
I00072,P0023,Kolkata WH,184,33,2026-04-18
I00073,P0099,Mumbai WH,191,67,2026-04-29
I00074,P0016,Kolkata WH,386,92,2026-05-07
I00075,P0085,Kolkata WH,325,50,2026-04-16
I00076,P0028,Mumbai WH,972,22,2026-05-11
I00077,P0113,Kolkata WH,804,83,2026-05-05
I00078,P0066,Kolkata WH,657,75,2026-04-20
I00079,P0176,Mumbai WH,502,81,2026-04-30
I00080,P0197,Bangalore WH,909,44,2026-05-13
I00081,P0198,Kolkata WH,650,25,2026-05-06
I00082,P0177,Delhi WH,805,40,2026-05-08
I00083,P0180,Delhi WH,134,94,2026-05-08
I00084,P0118,Bangalore WH,493,27,2026-05-14
I00085,P0042,Mumbai WH,324,68,2026-04-28
I00086,P0026,Bangalore WH,532,52,2026-05-04
I00087,P0075,Mumbai WH,398,95,2026-04-17
I00088,P0108,Mumbai WH,384,84,2026-05-05
I00089,P0156,Delhi WH,267,59,2026-04-16
I00090,P0022,Delhi WH,199,85,2026-05-13
I00091,P0198,Kolkata WH,897,31,2026-04-17
I00092,P0062,Bangalore WH,657,36,2026-05-12
I00093,P0070,Mumbai WH,795,83,2026-04-24
I00094,P0183,Delhi WH,809,94,2026-04-21
I00095,P0118,Mumbai WH,598,31,2026-04-21
I00096,P0184,Mumbai WH,947,58,2026-04-24
I00097,P0136,Mumbai WH,30,20,2026-05-07
I00098,P0148,Mumbai WH,403,63,2026-04-26
I00099,P0195,Mumbai WH,928,71,2026-04-23
I00100,P0061,Delhi WH,669,57,2026-04-25
I00101,P0144,Bangalore WH,583,22,2026-04-23
I00102,P0165,Bangalore WH,779,51,2026-05-09
I00103,P0123,Bangalore WH,692,81,2026-05-05
I00104,P0108,Mumbai WH,884,93,2026-05-07
I00105,P0121,Delhi WH,473,87,2026-04-19
I00106,P0012,Mumbai WH,264,55,2026-04-29
I00107,P0038,Mumbai WH,124,92,2026-04-21
I00108,P0026,Bangalore WH,135,74,2026-04-18
I00109,P0033,Bangalore WH,323,76,2026-05-03
I00110,P0112,Bangalore WH,452,74,2026-05-09
I00111,P0178,Bangalore WH,781,27,2026-05-13
I00112,P0178,Kolkata WH,612,35,2026-05-06
I00113,P0154,Delhi WH,925,66,2026-04-27
I00114,P0042,Bangalore WH,868,52,2026-05-03
I00115,P0033,Mumbai WH,600,98,2026-05-04
I00116,P0054,Kolkata WH,469,75,2026-05-07
I00117,P0149,Bangalore WH,875,21,2026-04-16
I00118,P0136,Mumbai WH,440,77,2026-05-08
I00119,P0082,Kolkata WH,36,100,2026-05-05
I00120,P0096,Bangalore WH,761,47,2026-04-28
I00121,P0188,Bangalore WH,506,25,2026-05-04
I00122,P0170,Mumbai WH,886,55,2026-04-17
I00123,P0115,Bangalore WH,999,81,2026-05-04
I00124,P0029,Mumbai WH,44,65,2026-05-03
I00125,P0116,Bangalore WH,977,27,2026-05-02
I00126,P0035,Mumbai WH,984,22,2026-04-28
I00127,P0179,Kolkata WH,378,67,2026-04-23
I00128,P0073,Mumbai WH,642,56,2026-04-16
I00129,P0010,Mumbai WH,479,61,2026-04-24
I00130,P0034,Mumbai WH,408,100,2026-05-07
I00131,P0056,Bangalore WH,274,54,2026-05-12
I00132,P0192,Mumbai WH,375,63,2026-04-16
I00133,P0188,Mumbai WH,736,80,2026-05-03
I00134,P0100,Bangalore WH,225,50,2026-04-28
I00135,P0087,Mumbai WH,198,20,2026-04-26
I00136,P0182,Mumbai WH,37,92,2026-05-04
I00137,P0088,Delhi WH,809,21,2026-05-09
I00138,P0176,Bangalore WH,174,80,2026-04-19
I00139,P0188,Bangalore WH,143,87,2026-04-24
I00140,P0161,Delhi WH,496,69,2026-05-07
I00141,P0147,Mumbai WH,698,84,2026-04-24
I00142,P0143,Bangalore WH,71,91,2026-04-19
I00143,P0149,Mumbai WH,871,40,2026-04-25
I00144,P0189,Bangalore WH,846,71,2026-04-20
I00145,P0006,Delhi WH,429,74,2026-05-05
I00146,P0157,Kolkata WH,816,43,2026-04-24
I00147,P0200,Bangalore WH,455,59,2026-04-28
I00148,P0068,Delhi WH,666,96,2026-05-01
I00149,P0074,Delhi WH,718,66,2026-04-24
I00150,P0012,Kolkata WH,993,81,2026-05-06
I00151,P0155,Bangalore WH,831,33,2026-05-06
I00152,P0111,Mumbai WH,239,81,2026-05-09
I00153,P0127,Bangalore WH,707,87,2026-04-21
I00154,P0066,Delhi WH,294,82,2026-05-11
I00155,P0028,Bangalore WH,304,92,2026-05-07
I00156,P0017,Kolkata WH,408,44,2026-05-11
I00157,P0175,Bangalore WH,605,62,2026-04-23
I00158,P0006,Bangalore WH,832,42,2026-04-20
I00159,P0088,Delhi WH,362,24,2026-05-13
I00160,P0026,Bangalore WH,630,29,2026-04-22
I00161,P0090,Bangalore WH,637,80,2026-05-08
I00162,P0136,Kolkata WH,501,99,2026-04-21
I00163,P0131,Delhi WH,223,26,2026-04-27
I00164,P0123,Kolkata WH,31,87,2026-04-23
I00165,P0017,Delhi WH,230,59,2026-05-07
I00166,P0189,Kolkata WH,154,46,2026-04-27
I00167,P0198,Bangalore WH,316,49,2026-05-12
I00168,P0046,Bangalore WH,597,42,2026-05-14
I00169,P0195,Mumbai WH,648,56,2026-04-26
I00170,P0026,Kolkata WH,102,68,2026-05-12
I00171,P0173,Mumbai WH,939,98,2026-05-13
I00172,P0157,Kolkata WH,130,42,2026-05-13
I00173,P0147,Mumbai WH,440,53,2026-04-19
I00174,P0011,Delhi WH,79,33,2026-04-21
I00175,P0139,Delhi WH,576,79,2026-04-27
I00176,P0154,Kolkata WH,279,75,2026-05-05
I00177,P0092,Mumbai WH,108,30,2026-04-25
I00178,P0168,Delhi WH,38,44,2026-05-12
I00179,P0060,Kolkata WH,386,97,2026-04-22
I00180,P0099,Bangalore WH,706,75,2026-04-16
I00181,P0166,Mumbai WH,167,47,2026-05-11
I00182,P0147,Mumbai WH,856,44,2026-05-03
I00183,P0143,Delhi WH,748,81,2026-04-22
I00184,P0092,Mumbai WH,917,40,2026-05-13
I00185,P0136,Mumbai WH,404,51,2026-05-08
I00186,P0122,Bangalore WH,257,59,2026-04-27
I00187,P0161,Mumbai WH,64,51,2026-04-23
I00188,P0003,Delhi WH,905,77,2026-04-20
I00189,P0122,Delhi WH,710,30,2026-05-03
I00190,P0117,Delhi WH,843,29,2026-05-05
I00191,P0103,Delhi WH,376,25,2026-05-11
I00192,P0085,Mumbai WH,212,40,2026-04-26
I00193,P0109,Bangalore WH,642,97,2026-04-27
I00194,P0038,Mumbai WH,892,59,2026-05-14
I00195,P0173,Delhi WH,717,79,2026-04-30
I00196,P0037,Bangalore WH,987,91,2026-05-02
I00197,P0184,Bangalore WH,790,82,2026-04-23
I00198,P0151,Delhi WH,761,85,2026-04-16
I00199,P0171,Mumbai WH,891,96,2026-05-07
I00200,P0021,Delhi WH,885,87,2026-05-04
I00201,P0112,Bangalore WH,179,84,2026-04-24
I00202,P0125,Bangalore WH,273,83,2026-05-12
I00203,P0138,Bangalore WH,951,98,2026-05-06
I00204,P0022,Kolkata WH,311,22,2026-05-10
I00205,P0114,Bangalore WH,731,41,2026-05-14
I00206,P0153,Bangalore WH,896,99,2026-05-05
I00207,P0098,Mumbai WH,197,56,2026-05-05
I00208,P0026,Mumbai WH,507,48,2026-04-27
I00209,P0020,Kolkata WH,154,22,2026-05-12
I00210,P0074,Kolkata WH,280,29,2026-05-13
I00211,P0181,Kolkata WH,481,33,2026-04-20
I00212,P0146,Kolkata WH,147,96,2026-04-22
I00213,P0199,Mumbai WH,265,51,2026-05-08
I00214,P0117,Kolkata WH,958,43,2026-05-05
I00215,P0109,Mumbai WH,458,87,2026-04-20
I00216,P0026,Mumbai WH,645,70,2026-04-25
I00217,P0057,Mumbai WH,335,23,2026-05-06
I00218,P0021,Delhi WH,388,46,2026-04-27
I00219,P0017,Kolkata WH,41,34,2026-05-13
I00220,P0185,Mumbai WH,533,58,2026-05-11
I00221,P0095,Bangalore WH,463,48,2026-05-11
I00222,P0024,Delhi WH,498,27,2026-05-04
I00223,P0178,Kolkata WH,751,28,2026-05-13
I00224,P0171,Bangalore WH,291,92,2026-05-01
I00225,P0049,Kolkata WH,936,77,2026-05-02
I00226,P0093,Bangalore WH,984,23,2026-04-30
I00227,P0128,Delhi WH,16,43,2026-04-20
I00228,P0027,Bangalore WH,228,78,2026-04-27
I00229,P0055,Delhi WH,863,96,2026-05-12
I00230,P0124,Kolkata WH,95,20,2026-04-16
I00231,P0026,Mumbai WH,589,41,2026-05-03
I00232,P0106,Delhi WH,88,90,2026-05-15
I00233,P0158,Delhi WH,951,40,2026-05-04
I00234,P0186,Mumbai WH,25,20,2026-04-16
I00235,P0107,Kolkata WH,223,87,2026-05-01
I00236,P0098,Mumbai WH,286,95,2026-04-26
I00237,P0110,Bangalore WH,64,41,2026-05-04
I00238,P0167,Mumbai WH,885,30,2026-05-03
I00239,P0070,Delhi WH,359,89,2026-05-01
I00240,P0185,Kolkata WH,864,55,2026-04-20
I00241,P0121,Kolkata WH,75,91,2026-04-22
I00242,P0183,Kolkata WH,815,24,2026-04-18
I00243,P0078,Mumbai WH,63,30,2026-04-30
I00244,P0081,Delhi WH,954,28,2026-05-15
I00245,P0182,Kolkata WH,595,61,2026-04-27
I00246,P0157,Bangalore WH,69,39,2026-04-21
I00247,P0124,Bangalore WH,624,44,2026-04-26
I00248,P0180,Mumbai WH,825,83,2026-04-27
I00249,P0125,Bangalore WH,437,26,2026-05-12
I00250,P0084,Mumbai WH,944,84,2026-04-16
I00251,P0086,Bangalore WH,163,60,2026-04-26
I00252,P0121,Mumbai WH,18,54,2026-04-22
I00253,P0044,Delhi WH,327,71,2026-04-23
I00254,P0067,Kolkata WH,406,95,2026-04-24
I00255,P0068,Bangalore WH,785,34,2026-04-16
I00256,P0200,Bangalore WH,355,53,2026-04-27
I00257,P0028,Delhi WH,520,83,2026-04-18
I00258,P0028,Kolkata WH,317,91,2026-04-25
I00259,P0143,Kolkata WH,401,27,2026-05-07
I00260,P0095,Kolkata WH,979,29,2026-05-08
I00261,P0146,Bangalore WH,697,62,2026-04-25
I00262,P0091,Bangalore WH,53,91,2026-04-18
I00263,P0044,Bangalore WH,513,90,2026-05-11
I00264,P0098,Mumbai WH,918,25,2026-05-01
I00265,P0068,Mumbai WH,761,57,2026-04-27
I00266,P0024,Mumbai WH,937,55,2026-04-22
I00267,P0192,Delhi WH,649,53,2026-05-06
I00268,P0197,Delhi WH,776,71,2026-04-28
I00269,P0127,Kolkata WH,552,88,2026-05-03
I00270,P0016,Mumbai WH,878,25,2026-05-10
I00271,P0017,Mumbai WH,848,35,2026-04-25
I00272,P0059,Bangalore WH,695,85,2026-05-07
I00273,P0169,Bangalore WH,799,42,2026-05-07
I00274,P0106,Mumbai WH,908,99,2026-04-21
I00275,P0114,Kolkata WH,310,38,2026-05-05
I00276,P0066,Kolkata WH,430,92,2026-04-27
I00277,P0171,Kolkata WH,311,39,2026-04-25
I00278,P0002,Bangalore WH,401,88,2026-05-01
I00279,P0021,Bangalore WH,679,21,2026-04-28
I00280,P0012,Bangalore WH,557,29,2026-05-02
I00281,P0068,Delhi WH,446,66,2026-04-30
I00282,P0148,Bangalore WH,167,48,2026-04-21
I00283,P0153,Bangalore WH,410,72,2026-04-24
I00284,P0189,Kolkata WH,709,26,2026-04-28
I00285,P0081,Mumbai WH,134,78,2026-05-02
I00286,P0022,Mumbai WH,48,23,2026-04-26
I00287,P0127,Bangalore WH,24,30,2026-05-14
I00288,P0177,Bangalore WH,366,34,2026-04-29
I00289,P0182,Kolkata WH,15,77,2026-04-17
I00290,P0122,Mumbai WH,193,84,2026-04-27
I00291,P0073,Mumbai WH,381,78,2026-05-13
I00292,P0112,Kolkata WH,552,100,2026-05-09
I00293,P0110,Bangalore WH,503,25,2026-04-16
I00294,P0111,Bangalore WH,509,36,2026-04-24
I00295,P0177,Kolkata WH,628,40,2026-04-19
I00296,P0046,Delhi WH,316,95,2026-04-29
I00297,P0031,Mumbai WH,220,21,2026-04-24
I00298,P0163,Delhi WH,123,66,2026-04-17
I00299,P0041,Bangalore WH,984,42,2026-05-13
I00300,P0191,Mumbai WH,647,82,2026-04-22
I00301,P0137,Delhi WH,210,74,2026-05-05
I00302,P0119,Mumbai WH,813,26,2026-04-30
I00303,P0135,Kolkata WH,184,25,2026-04-30
I00304,P0089,Mumbai WH,837,56,2026-04-17
I00305,P0177,Bangalore WH,653,70,2026-04-28
I00306,P0152,Kolkata WH,102,42,2026-04-27
I00307,P0172,Delhi WH,360,71,2026-04-25
I00308,P0034,Kolkata WH,554,47,2026-04-19
I00309,P0107,Kolkata WH,770,21,2026-05-11
I00310,P0144,Kolkata WH,162,65,2026-04-24
I00311,P0126,Kolkata WH,821,28,2026-04-24
I00312,P0104,Delhi WH,744,26,2026-05-06
I00313,P0189,Bangalore WH,745,50,2026-05-02
I00314,P0118,Kolkata WH,241,67,2026-05-10
I00315,P0087,Mumbai WH,916,99,2026-05-14
I00316,P0028,Mumbai WH,136,70,2026-04-20
I00317,P0113,Bangalore WH,781,29,2026-04-27
I00318,P0112,Bangalore WH,165,93,2026-04-30
I00319,P0104,Mumbai WH,564,70,2026-04-30
I00320,P0192,Delhi WH,405,26,2026-05-11
I00321,P0034,Mumbai WH,259,68,2026-04-18
I00322,P0132,Bangalore WH,202,38,2026-05-06
I00323,P0016,Delhi WH,192,61,2026-04-27
I00324,P0071,Mumbai WH,57,90,2026-05-02
I00325,P0006,Bangalore WH,639,54,2026-04-18
I00326,P0005,Bangalore WH,582,79,2026-04-30
I00327,P0053,Bangalore WH,943,32,2026-05-06
I00328,P0138,Delhi WH,661,56,2026-05-05
I00329,P0031,Kolkata WH,62,20,2026-05-07
I00330,P0112,Bangalore WH,340,89,2026-04-25
I00331,P0075,Mumbai WH,993,50,2026-05-14
I00332,P0183,Delhi WH,987,23,2026-05-13
I00333,P0194,Kolkata WH,293,75,2026-04-28
I00334,P0016,Delhi WH,728,60,2026-05-07
I00335,P0167,Bangalore WH,11,88,2026-04-21
I00336,P0156,Bangalore WH,918,24,2026-05-14
I00337,P0099,Mumbai WH,588,51,2026-04-20
I00338,P0121,Mumbai WH,648,20,2026-05-02
I00339,P0073,Mumbai WH,488,98,2026-05-06
I00340,P0014,Mumbai WH,775,90,2026-05-03
I00341,P0063,Kolkata WH,279,80,2026-04-16
I00342,P0004,Delhi WH,510,87,2026-05-02
I00343,P0148,Kolkata WH,173,78,2026-05-14
I00344,P0109,Mumbai WH,387,34,2026-05-12
I00345,P0049,Kolkata WH,712,26,2026-05-09
I00346,P0083,Kolkata WH,928,35,2026-05-06
I00347,P0160,Mumbai WH,947,82,2026-05-12
I00348,P0085,Mumbai WH,503,46,2026-05-09
I00349,P0139,Kolkata WH,564,56,2026-05-02
I00350,P0047,Bangalore WH,324,23,2026-05-10
I00351,P0098,Delhi WH,532,41,2026-05-14
I00352,P0129,Mumbai WH,812,20,2026-05-05
I00353,P0114,Delhi WH,362,60,2026-05-15
I00354,P0058,Delhi WH,23,67,2026-04-20
I00355,P0178,Delhi WH,995,88,2026-04-18
I00356,P0093,Kolkata WH,337,67,2026-04-16
I00357,P0015,Kolkata WH,203,62,2026-04-30
I00358,P0041,Mumbai WH,489,30,2026-05-07
I00359,P0024,Bangalore WH,576,85,2026-05-14
I00360,P0122,Mumbai WH,23,66,2026-05-03
I00361,P0032,Delhi WH,896,99,2026-05-14
I00362,P0192,Kolkata WH,908,87,2026-04-29
I00363,P0163,Mumbai WH,99,85,2026-05-04
I00364,P0007,Mumbai WH,776,31,2026-04-21
I00365,P0075,Kolkata WH,140,22,2026-05-04
I00366,P0183,Kolkata WH,514,53,2026-04-20
I00367,P0162,Kolkata WH,291,67,2026-05-12
I00368,P0018,Mumbai WH,448,94,2026-05-04
I00369,P0155,Delhi WH,231,39,2026-05-13
I00370,P0122,Bangalore WH,726,99,2026-05-05
I00371,P0038,Bangalore WH,585,93,2026-04-16
I00372,P0150,Mumbai WH,468,48,2026-04-27
I00373,P0131,Bangalore WH,867,98,2026-04-27
I00374,P0052,Kolkata WH,590,39,2026-05-08
I00375,P0173,Mumbai WH,192,46,2026-05-02
I00376,P0155,Kolkata WH,394,26,2026-04-24
I00377,P0094,Bangalore WH,213,72,2026-05-08
I00378,P0012,Bangalore WH,92,39,2026-04-22
I00379,P0078,Kolkata WH,218,81,2026-04-28
I00380,P0053,Mumbai WH,640,31,2026-04-26
I00381,P0036,Mumbai WH,558,28,2026-05-06
I00382,P0146,Delhi WH,925,75,2026-04-24
I00383,P0100,Mumbai WH,900,44,2026-04-20
I00384,P0111,Mumbai WH,222,74,2026-05-12
I00385,P0090,Delhi WH,96,59,2026-04-23
I00386,P0190,Mumbai WH,719,96,2026-05-15
I00387,P0072,Mumbai WH,985,73,2026-04-22
I00388,P0142,Kolkata WH,386,24,2026-05-10
I00389,P0194,Mumbai WH,121,57,2026-04-20
I00390,P0098,Delhi WH,818,33,2026-04-21
I00391,P0137,Bangalore WH,642,90,2026-05-03
I00392,P0149,Bangalore WH,908,72,2026-04-19
I00393,P0200,Delhi WH,255,25,2026-05-14
I00394,P0033,Delhi WH,18,55,2026-05-01
I00395,P0040,Delhi WH,256,48,2026-05-11
I00396,P0178,Delhi WH,116,92,2026-05-13
I00397,P0099,Kolkata WH,796,38,2026-05-14
I00398,P0084,Kolkata WH,635,39,2026-04-28
I00399,P0127,Kolkata WH,274,20,2026-05-03
I00400,P0007,Mumbai WH,261,89,2026-04-28
I00401,P0112,Bangalore WH,449,85,2026-04-25
I00402,P0078,Bangalore WH,51,83,2026-04-28
I00403,P0167,Delhi WH,408,25,2026-05-13
I00404,P0189,Delhi WH,485,60,2026-04-22
I00405,P0123,Bangalore WH,985,74,2026-04-28
I00406,P0052,Bangalore WH,525,23,2026-05-15
I00407,P0092,Delhi WH,507,44,2026-05-04
I00408,P0136,Kolkata WH,873,91,2026-04-19
I00409,P0199,Delhi WH,216,44,2026-04-21
I00410,P0012,Bangalore WH,40,31,2026-05-14
I00411,P0156,Delhi WH,311,79,2026-04-20
I00412,P0128,Kolkata WH,656,79,2026-05-15
I00413,P0093,Kolkata WH,546,70,2026-05-12
I00414,P0036,Kolkata WH,13,92,2026-04-29
I00415,P0130,Bangalore WH,869,44,2026-05-07
I00416,P0104,Bangalore WH,550,42,2026-04-23
I00417,P0130,Kolkata WH,910,74,2026-05-09
I00418,P0140,Bangalore WH,21,21,2026-05-15
I00419,P0097,Bangalore WH,884,84,2026-04-22
I00420,P0175,Kolkata WH,906,40,2026-05-09
I00421,P0125,Kolkata WH,329,40,2026-04-30
I00422,P0095,Delhi WH,567,54,2026-04-18
I00423,P0097,Mumbai WH,525,22,2026-05-07
I00424,P0109,Kolkata WH,703,77,2026-05-01
I00425,P0153,Delhi WH,170,100,2026-05-15
I00426,P0074,Kolkata WH,691,98,2026-05-13
I00427,P0157,Bangalore WH,629,76,2026-04-21
I00428,P0003,Delhi WH,136,25,2026-04-27
I00429,P0143,Kolkata WH,553,47,2026-05-09
I00430,P0068,Kolkata WH,642,89,2026-04-18
I00431,P0089,Mumbai WH,273,87,2026-04-30
I00432,P0117,Kolkata WH,976,54,2026-04-27
I00433,P0137,Delhi WH,207,52,2026-05-02
I00434,P0107,Mumbai WH,562,68,2026-05-11
I00435,P0178,Bangalore WH,947,37,2026-05-04
I00436,P0100,Kolkata WH,197,32,2026-04-28
I00437,P0056,Kolkata WH,696,84,2026-05-13
I00438,P0177,Kolkata WH,442,74,2026-04-26
I00439,P0192,Bangalore WH,314,27,2026-04-22
I00440,P0082,Bangalore WH,660,58,2026-04-16
I00441,P0057,Kolkata WH,553,83,2026-04-27
I00442,P0186,Kolkata WH,872,47,2026-05-01
I00443,P0114,Delhi WH,954,62,2026-05-05
I00444,P0181,Delhi WH,459,33,2026-04-30
I00445,P0033,Bangalore WH,762,87,2026-05-01
I00446,P0136,Bangalore WH,33,56,2026-04-23
I00447,P0021,Mumbai WH,815,60,2026-04-25
I00448,P0125,Kolkata WH,250,100,2026-05-11
I00449,P0188,Bangalore WH,215,29,2026-05-08
I00450,P0073,Delhi WH,132,81,2026-05-10
I00451,P0172,Mumbai WH,407,37,2026-05-06
I00452,P0070,Bangalore WH,618,97,2026-04-28
I00453,P0071,Mumbai WH,262,45,2026-04-29
I00454,P0029,Bangalore WH,567,40,2026-05-03
I00455,P0116,Delhi WH,749,24,2026-05-14
I00456,P0091,Bangalore WH,428,75,2026-04-24
I00457,P0035,Kolkata WH,550,59,2026-05-07
I00458,P0004,Bangalore WH,543,55,2026-05-09
I00459,P0184,Bangalore WH,269,21,2026-04-17
I00460,P0196,Kolkata WH,350,76,2026-05-12
I00461,P0115,Mumbai WH,426,69,2026-04-30
I00462,P0036,Kolkata WH,624,98,2026-04-26
I00463,P0179,Bangalore WH,533,60,2026-05-09
I00464,P0110,Mumbai WH,656,36,2026-04-16
I00465,P0081,Mumbai WH,689,58,2026-04-16
I00466,P0039,Mumbai WH,352,91,2026-05-05
I00467,P0109,Bangalore WH,475,42,2026-04-28
I00468,P0157,Delhi WH,596,97,2026-05-04
I00469,P0015,Bangalore WH,175,37,2026-04-30
I00470,P0184,Bangalore WH,493,98,2026-04-27
I00471,P0070,Kolkata WH,453,23,2026-04-23
I00472,P0026,Mumbai WH,802,53,2026-05-01
I00473,P0027,Delhi WH,539,40,2026-05-09
I00474,P0113,Delhi WH,580,72,2026-05-15
I00475,P0172,Delhi WH,252,98,2026-05-13
I00476,P0035,Delhi WH,864,88,2026-05-09
I00477,P0171,Bangalore WH,151,39,2026-04-28
I00478,P0092,Mumbai WH,443,84,2026-04-23
I00479,P0190,Bangalore WH,201,92,2026-05-12
I00480,P0106,Bangalore WH,98,27,2026-05-15
I00481,P0059,Mumbai WH,421,67,2026-04-16
I00482,P0128,Mumbai WH,666,90,2026-05-15
I00483,P0014,Mumbai WH,215,82,2026-04-27
I00484,P0167,Kolkata WH,732,59,2026-04-27
I00485,P0198,Delhi WH,430,38,2026-05-05
I00486,P0124,Delhi WH,651,66,2026-04-26
I00487,P0002,Bangalore WH,42,26,2026-04-24
I00488,P0187,Kolkata WH,162,74,2026-05-06
I00489,P0106,Mumbai WH,885,69,2026-05-11
I00490,P0163,Kolkata WH,609,75,2026-05-10
I00491,P0020,Mumbai WH,629,24,2026-05-10
I00492,P0146,Kolkata WH,16,26,2026-04-30
I00493,P0153,Kolkata WH,450,70,2026-04-29
I00494,P0092,Mumbai WH,326,63,2026-05-05
I00495,P0080,Delhi WH,49,26,2026-05-01
I00496,P0025,Bangalore WH,916,86,2026-05-01
I00497,P0069,Bangalore WH,143,82,2026-04-28
I00498,P0187,Mumbai WH,892,40,2026-04-20
I00499,P0002,Mumbai WH,195,36,2026-04-20
I00500,P0088,Bangalore WH,712,45,2026-04-22
