Return_ID,Order_ID,Product_ID,Return_Reason,Refund_Amount
R00001,O000926,P0160,Late Delivery,14361
R00002,O002587,P0075,Defective,39352
R00003,O006502,P0124,Damaged,7379
R00004,O009332,P0127,Defective,11068
R00005,O007331,P0018,Defective,27576
R00006,O001077,P0050,Defective,11369
R00007,O001528,P0168,Wrong Size,19533
R00008,O004143,P0158,Defective,11556
R00009,O002406,P0073,Damaged,2182
R00010,O000368,P0080,Late Delivery,25869
R00011,O002886,P0153,Wrong Size,52072
R00012,O006890,P0095,Damaged,13438
R00013,O005081,P0138,Changed Mind,8541
R00014,O006782,P0061,Damaged,1038
R00015,O007063,P0187,Damaged,8645
R00016,O005241,P0018,Wrong Size,41364
R00017,O008178,P0147,Late Delivery,34122
R00018,O001304,P0097,Defective,6912
R00019,O000244,P0077,Wrong Size,1363
R00020,O009389,P0035,Damaged,7366
R00021,O009002,P0021,Changed Mind,25730
R00022,O005626,P0047,Damaged,19356
R00023,O009191,P0052,Late Delivery,4054
R00024,O009237,P0089,Wrong Size,1193
R00025,O004266,P0046,Defective,19942
R00026,O005295,P0052,Wrong Size,2027
R00027,O003743,P0080,Defective,8623
R00028,O006544,P0015,Damaged,26846
R00029,O000336,P0196,Wrong Size,14825
R00030,O009882,P0178,Late Delivery,22594
R00031,O004576,P0004,Damaged,29622
R00032,O004707,P0167,Wrong Size,14698
R00033,O002384,P0187,Changed Mind,25935
R00034,O005065,P0025,Damaged,6265
R00035,O008607,P0095,Late Delivery,13438
R00036,O004627,P0168,Defective,13022
R00037,O007741,P0102,Late Delivery,9746
R00038,O004290,P0015,Late Delivery,26846
R00039,O007878,P0048,Wrong Size,8869
R00040,O004847,P0067,Defective,9207
R00041,O006719,P0152,Late Delivery,3138
R00042,O000357,P0081,Defective,44640
R00043,O009160,P0018,Damaged,41364
R00044,O002847,P0078,Changed Mind,3950
R00045,O009486,P0117,Changed Mind,2344
R00046,O001082,P0044,Late Delivery,8112
R00047,O002149,P0122,Defective,5918
R00048,O008238,P0199,Wrong Size,56396
R00049,O005825,P0178,Changed Mind,22594
R00050,O009904,P0075,Late Delivery,9838
R00051,O002949,P0137,Damaged,12834
R00052,O000029,P0150,Damaged,12234
R00053,O007694,P0025,Changed Mind,6265
R00054,O005926,P0195,Changed Mind,7851
R00055,O003746,P0066,Damaged,6909
R00056,O005747,P0101,Late Delivery,6596
R00057,O001917,P0109,Wrong Size,28296
R00058,O004700,P0100,Wrong Size,8691
R00059,O004510,P0182,Defective,28972
R00060,O000440,P0166,Changed Mind,5863
R00061,O006790,P0081,Wrong Size,11160
R00062,O003922,P0034,Changed Mind,10968
R00063,O010000,P0115,Damaged,4472
R00064,O005287,P0060,Late Delivery,10013
R00065,O005344,P0091,Changed Mind,3339
R00066,O007743,P0005,Wrong Size,688
R00067,O002557,P0055,Changed Mind,8401
R00068,O001202,P0107,Defective,8438
R00069,O002990,P0035,Late Delivery,7366
R00070,O002494,P0143,Defective,48715
R00071,O001290,P0179,Damaged,20568
R00072,O004303,P0055,Late Delivery,16802
R00073,O007609,P0049,Late Delivery,11345
R00074,O007989,P0148,Defective,11988
R00075,O000464,P0071,Late Delivery,11204
R00076,O006079,P0044,Defective,10816
R00077,O002133,P0068,Late Delivery,8845
R00078,O003040,P0017,Late Delivery,1491
R00079,O002938,P0024,Damaged,10615
R00080,O002130,P0046,Late Delivery,19942
R00081,O007423,P0119,Wrong Size,352
R00082,O008127,P0062,Changed Mind,14596
R00083,O004184,P0182,Late Delivery,7243
R00084,O007886,P0008,Changed Mind,7622
R00085,O007225,P0034,Changed Mind,7312
R00086,O008105,P0079,Damaged,28568
R00087,O003127,P0181,Changed Mind,20712
R00088,O003198,P0115,Late Delivery,4472
R00089,O008507,P0118,Damaged,23073
R00090,O004541,P0122,Damaged,5918
R00091,O009605,P0139,Changed Mind,9238
R00092,O008306,P0156,Damaged,15376
R00093,O009318,P0064,Wrong Size,4809
R00094,O002713,P0054,Late Delivery,12030
R00095,O009908,P0078,Defective,3950
R00096,O006872,P0194,Damaged,8299
R00097,O005173,P0149,Changed Mind,20736
R00098,O002719,P0081,Late Delivery,33480
R00099,O007313,P0039,Changed Mind,12439
R00100,O001620,P0022,Damaged,28426
R00101,O003669,P0069,Wrong Size,7340
R00102,O001158,P0150,Late Delivery,4078
R00103,O001168,P0003,Wrong Size,36798
R00104,O004895,P0073,Late Delivery,2182
R00105,O006274,P0090,Defective,26632
R00106,O001553,P0015,Late Delivery,26846
R00107,O005911,P0170,Defective,227
R00108,O001845,P0034,Defective,3656
R00109,O000711,P0149,Wrong Size,41472
R00110,O008657,P0136,Late Delivery,1844
R00111,O009226,P0185,Damaged,52816
R00112,O000925,P0081,Defective,33480
R00113,O001977,P0198,Wrong Size,1022
R00114,O003725,P0196,Changed Mind,14825
R00115,O006911,P0161,Wrong Size,5953
R00116,O000046,P0042,Damaged,17096
R00117,O008126,P0150,Late Delivery,20390
R00118,O003412,P0166,Wrong Size,5863
R00119,O009430,P0042,Wrong Size,25644
R00120,O008159,P0090,Damaged,39948
R00121,O006305,P0178,Wrong Size,22594
R00122,O006476,P0047,Changed Mind,25808
R00123,O005198,P0069,Wrong Size,3670
R00124,O001257,P0061,Damaged,1038
R00125,O004263,P0053,Wrong Size,2791
R00126,O002196,P0163,Defective,652
R00127,O005328,P0005,Late Delivery,1376
R00128,O001590,P0115,Damaged,8944
R00129,O004114,P0124,Changed Mind,14758
R00130,O001885,P0142,Changed Mind,36552
R00131,O004427,P0199,Damaged,56396
R00132,O002881,P0078,Damaged,7900
R00133,O009059,P0131,Damaged,11957
R00134,O009416,P0064,Wrong Size,6412
R00135,O007320,P0189,Defective,7760
R00136,O007381,P0055,Wrong Size,33604
R00137,O008650,P0088,Damaged,11232
R00138,O007286,P0041,Defective,18390
R00139,O001800,P0149,Changed Mind,10368
R00140,O005728,P0125,Defective,10221
R00141,O000501,P0157,Wrong Size,5928
R00142,O008705,P0194,Late Delivery,33196
R00143,O002140,P0133,Defective,16960
R00144,O005819,P0092,Changed Mind,2496
R00145,O004488,P0158,Damaged,11556
R00146,O006788,P0159,Late Delivery,6728
R00147,O006688,P0190,Late Delivery,1800
R00148,O007523,P0025,Late Delivery,6265
R00149,O001512,P0046,Damaged,9971
R00150,O004429,P0152,Wrong Size,3138
R00151,O000025,P0052,Defective,2027
R00152,O003038,P0182,Late Delivery,14486
R00153,O005607,P0171,Late Delivery,12334
R00154,O004983,P0052,Late Delivery,6081
R00155,O006870,P0059,Late Delivery,27111
R00156,O007504,P0056,Wrong Size,43386
R00157,O002282,P0166,Changed Mind,11726
R00158,O007860,P0003,Damaged,12266
R00159,O000962,P0031,Damaged,11416
R00160,O007098,P0045,Changed Mind,13177
R00161,O000345,P0052,Wrong Size,2027
R00162,O003993,P0113,Defective,31041
R00163,O006984,P0001,Wrong Size,609
R00164,O005090,P0004,Late Delivery,29622
R00165,O000384,P0070,Late Delivery,11880
R00166,O006148,P0156,Damaged,3844
R00167,O007584,P0092,Wrong Size,2496
R00168,O005276,P0153,Wrong Size,39054
R00169,O002702,P0111,Changed Mind,6815
R00170,O008041,P0196,Changed Mind,14825
R00171,O006847,P0180,Wrong Size,34265
R00172,O003317,P0183,Defective,31272
R00173,O001826,P0140,Damaged,9389
R00174,O007848,P0070,Defective,11880
R00175,O007076,P0029,Late Delivery,2877
R00176,O006510,P0129,Changed Mind,12363
R00177,O003609,P0135,Late Delivery,21184
R00178,O000946,P0148,Damaged,17982
R00179,O000961,P0087,Damaged,14353
R00180,O001960,P0105,Late Delivery,49816
R00181,O007260,P0057,Changed Mind,27978
R00182,O003322,P0149,Defective,31104
R00183,O006757,P0155,Late Delivery,6467
R00184,O009302,P0119,Changed Mind,352
R00185,O000798,P0077,Changed Mind,5452
R00186,O004443,P0189,Changed Mind,15520
R00187,O001135,P0045,Wrong Size,13177
R00188,O009914,P0131,Changed Mind,11957
R00189,O000302,P0026,Changed Mind,22360
R00190,O008865,P0096,Changed Mind,1028
R00191,O007686,P0186,Late Delivery,10994
R00192,O004194,P0160,Wrong Size,28722
R00193,O005706,P0041,Changed Mind,12260
R00194,O008701,P0107,Late Delivery,33752
R00195,O002900,P0049,Late Delivery,22690
R00196,O008229,P0019,Wrong Size,9659
R00197,O000201,P0048,Defective,44345
R00198,O007214,P0047,Defective,19356
R00199,O004217,P0162,Late Delivery,22666
R00200,O009674,P0128,Damaged,4533
R00201,O001895,P0169,Wrong Size,4373
R00202,O006303,P0015,Late Delivery,26846
R00203,O001440,P0094,Defective,43581
R00204,O006257,P0160,Late Delivery,71805
R00205,O001084,P0033,Damaged,6772
R00206,O008777,P0159,Wrong Size,33640
R00207,O002991,P0107,Damaged,16876
R00208,O005056,P0002,Changed Mind,4212
R00209,O003932,P0057,Late Delivery,13989
R00210,O006884,P0196,Damaged,14825
R00211,O009305,P0087,Damaged,28706
R00212,O003550,P0034,Defective,7312
R00213,O009340,P0046,Late Delivery,19942
R00214,O007688,P0191,Changed Mind,7984
R00215,O003649,P0077,Defective,6815
R00216,O001028,P0182,Damaged,7243
R00217,O008400,P0054,Defective,24060
R00218,O006246,P0024,Changed Mind,10615
R00219,O000432,P0189,Damaged,7760
R00220,O009735,P0029,Defective,8631
R00221,O007082,P0073,Damaged,6546
R00222,O009805,P0050,Damaged,11369
R00223,O005688,P0008,Changed Mind,3811
R00224,O005384,P0043,Defective,12582
R00225,O004178,P0009,Wrong Size,26922
R00226,O009171,P0164,Changed Mind,3125
R00227,O001191,P0101,Changed Mind,6596
R00228,O007111,P0126,Changed Mind,55710
R00229,O000891,P0053,Defective,8373
R00230,O008201,P0106,Late Delivery,3063
R00231,O000819,P0185,Late Delivery,13204
R00232,O004776,P0048,Damaged,8869
R00233,O007028,P0034,Late Delivery,14624
R00234,O001574,P0027,Defective,10180
R00235,O007645,P0065,Wrong Size,40707
R00236,O004560,P0194,Wrong Size,8299
R00237,O006705,P0064,Late Delivery,1603
R00238,O009128,P0181,Defective,5178
R00239,O008502,P0194,Damaged,8299
R00240,O004590,P0176,Defective,18566
R00241,O007859,P0064,Late Delivery,4809
R00242,O007933,P0044,Wrong Size,8112
R00243,O000111,P0095,Defective,13438
R00244,O000963,P0088,Wrong Size,11232
R00245,O005989,P0102,Defective,24365
R00246,O006777,P0037,Defective,5080
R00247,O005695,P0106,Changed Mind,3063
R00248,O009976,P0117,Late Delivery,2344
R00249,O002496,P0192,Damaged,22983
R00250,O004977,P0099,Late Delivery,14808
R00251,O004325,P0088,Defective,33696
R00252,O004432,P0164,Changed Mind,9375
R00253,O008292,P0093,Wrong Size,4763
R00254,O005946,P0011,Defective,23760
R00255,O009382,P0057,Defective,13989
R00256,O000165,P0169,Wrong Size,17492
R00257,O003808,P0198,Wrong Size,3066
R00258,O002194,P0139,Wrong Size,18476
R00259,O007968,P0190,Late Delivery,600
R00260,O008709,P0160,Damaged,43083
R00261,O005013,P0011,Wrong Size,9504
R00262,O008293,P0076,Wrong Size,19682
R00263,O005905,P0139,Damaged,27714
R00264,O003253,P0075,Damaged,29514
R00265,O008819,P0200,Wrong Size,2384
R00266,O003950,P0138,Changed Mind,8541
R00267,O000069,P0065,Defective,13569
R00268,O005134,P0043,Damaged,12582
R00269,O006643,P0159,Changed Mind,13456
R00270,O001633,P0010,Damaged,11638
R00271,O003453,P0023,Changed Mind,19281
R00272,O005940,P0103,Damaged,2736
R00273,O002574,P0073,Wrong Size,8728
R00274,O005925,P0014,Defective,12162
R00275,O009991,P0123,Late Delivery,12508
R00276,O001924,P0068,Late Delivery,17690
R00277,O002734,P0115,Damaged,8944
R00278,O003611,P0107,Wrong Size,25314
R00279,O003846,P0139,Damaged,27714
R00280,O002372,P0098,Defective,6858
R00281,O009322,P0084,Damaged,13276
R00282,O009439,P0127,Late Delivery,11068
R00283,O007163,P0192,Wrong Size,22983
R00284,O000107,P0158,Late Delivery,3852
R00285,O003649,P0077,Damaged,1363
R00286,O000202,P0121,Late Delivery,25464
R00287,O005337,P0124,Damaged,7379
R00288,O004995,P0185,Changed Mind,26408
R00289,O004795,P0147,Defective,11374
R00290,O008865,P0096,Wrong Size,1028
R00291,O003067,P0200,Damaged,2384
R00292,O008546,P0171,Late Delivery,12334
R00293,O009447,P0099,Wrong Size,11106
R00294,O007403,P0067,Defective,18414
R00295,O002577,P0033,Damaged,33860
R00296,O007587,P0130,Wrong Size,18648
R00297,O000319,P0036,Changed Mind,6682
R00298,O006017,P0138,Damaged,14235
R00299,O002179,P0120,Wrong Size,1400
R00300,O002353,P0143,Wrong Size,9743
R00301,O006698,P0094,Late Delivery,29054
R00302,O000330,P0129,Defective,12363
R00303,O006064,P0140,Wrong Size,18778
R00304,O007361,P0051,Defective,25584
R00305,O004928,P0107,Defective,16876
R00306,O007272,P0149,Late Delivery,31104
R00307,O006222,P0193,Changed Mind,23938
R00308,O003466,P0143,Late Delivery,9743
R00309,O003873,P0104,Late Delivery,7532
R00310,O000130,P0185,Changed Mind,13204
R00311,O005453,P0066,Wrong Size,6909
R00312,O003020,P0026,Changed Mind,11180
R00313,O002881,P0078,Wrong Size,7900
R00314,O006396,P0179,Damaged,20568
R00315,O005960,P0062,Wrong Size,14596
R00316,O006373,P0157,Damaged,17784
R00317,O005443,P0105,Defective,24908
R00318,O005369,P0154,Late Delivery,4571
R00319,O002770,P0093,Wrong Size,4763
R00320,O008875,P0055,Wrong Size,25203
R00321,O006683,P0115,Damaged,13416
R00322,O004405,P0123,Wrong Size,31270
R00323,O009270,P0066,Late Delivery,2303
R00324,O003436,P0140,Changed Mind,9389
R00325,O007333,P0140,Defective,37556
R00326,O000727,P0034,Late Delivery,3656
R00327,O009916,P0161,Changed Mind,11906
R00328,O005569,P0054,Defective,12030
R00329,O006297,P0093,Changed Mind,9526
R00330,O008499,P0124,Wrong Size,36895
R00331,O002309,P0174,Defective,34032
R00332,O002388,P0096,Changed Mind,5140
R00333,O006189,P0019,Defective,28977
R00334,O003040,P0017,Late Delivery,1491
R00335,O008117,P0128,Defective,4533
R00336,O004022,P0095,Late Delivery,13438
R00337,O000205,P0147,Damaged,22748
R00338,O009806,P0199,Damaged,28198
R00339,O002887,P0062,Damaged,14596
R00340,O009524,P0109,Late Delivery,42444
R00341,O004917,P0001,Defective,1218
R00342,O003511,P0164,Damaged,3125
R00343,O008964,P0155,Changed Mind,19401
R00344,O009543,P0075,Defective,19676
R00345,O000509,P0035,Changed Mind,3683
R00346,O001504,P0185,Defective,52816
R00347,O001630,P0038,Damaged,8480
R00348,O003348,P0008,Late Delivery,3811
R00349,O004006,P0068,Late Delivery,8845
R00350,O008317,P0197,Damaged,18925
R00351,O008284,P0115,Damaged,4472
R00352,O004457,P0077,Wrong Size,2726
R00353,O002201,P0188,Defective,3460
R00354,O002848,P0059,Late Delivery,36148
R00355,O008123,P0016,Late Delivery,17970
R00356,O009160,P0018,Wrong Size,13788
R00357,O009623,P0165,Defective,4130
R00358,O000899,P0153,Damaged,13018
R00359,O008397,P0099,Damaged,7404
R00360,O000765,P0060,Changed Mind,20026
R00361,O009339,P0041,Late Delivery,18390
R00362,O006158,P0088,Changed Mind,11232
R00363,O002894,P0186,Defective,32982
R00364,O001992,P0114,Changed Mind,10970
R00365,O001077,P0050,Changed Mind,11369
R00366,O004576,P0004,Late Delivery,9874
R00367,O009804,P0031,Defective,22832
R00368,O001717,P0127,Defective,22136
R00369,O006332,P0085,Damaged,32988
R00370,O007222,P0016,Damaged,35940
R00371,O000121,P0020,Wrong Size,950
R00372,O002149,P0122,Wrong Size,5918
R00373,O002178,P0046,Defective,19942
R00374,O008648,P0012,Defective,50836
R00375,O000278,P0125,Damaged,10221
R00376,O004006,P0068,Wrong Size,17690
R00377,O005157,P0194,Changed Mind,8299
R00378,O001301,P0173,Changed Mind,11068
R00379,O002733,P0021,Defective,25730
R00380,O003583,P0160,Defective,14361
R00381,O001907,P0022,Late Delivery,14213
R00382,O002135,P0010,Late Delivery,23276
R00383,O006493,P0177,Defective,35440
R00384,O009281,P0140,Defective,9389
R00385,O009418,P0132,Damaged,11463
R00386,O001588,P0056,Defective,14462
R00387,O001138,P0006,Late Delivery,4011
R00388,O005307,P0120,Defective,2800
R00389,O006504,P0199,Wrong Size,28198
R00390,O003195,P0019,Changed Mind,9659
R00391,O001232,P0045,Wrong Size,13177
R00392,O000525,P0147,Wrong Size,11374
R00393,O009269,P0158,Changed Mind,3852
R00394,O009778,P0131,Damaged,11957
R00395,O001225,P0108,Damaged,1131
R00396,O006350,P0145,Defective,15750
R00397,O003871,P0141,Late Delivery,1432
R00398,O007626,P0018,Late Delivery,13788
R00399,O008044,P0162,Wrong Size,11333
R00400,O004626,P0080,Damaged,8623
R00401,O009362,P0046,Changed Mind,9971
R00402,O007110,P0081,Wrong Size,33480
R00403,O005749,P0074,Wrong Size,1249
R00404,O003389,P0044,Damaged,2704
R00405,O001836,P0011,Late Delivery,14256
R00406,O003072,P0042,Late Delivery,17096
R00407,O005333,P0168,Defective,6511
R00408,O005117,P0137,Changed Mind,25668
R00409,O006191,P0034,Defective,7312
R00410,O004002,P0137,Defective,38502
R00411,O001223,P0013,Damaged,1719
R00412,O003391,P0060,Wrong Size,20026
R00413,O000481,P0073,Changed Mind,4364
R00414,O007261,P0194,Wrong Size,8299
R00415,O009610,P0097,Wrong Size,3456
R00416,O000002,P0128,Late Delivery,4533
R00417,O001530,P0058,Wrong Size,2704
R00418,O009291,P0039,Late Delivery,24878
R00419,O005529,P0003,Wrong Size,12266
R00420,O009232,P0199,Defective,28198
R00421,O006290,P0076,Wrong Size,29523
R00422,O007873,P0170,Damaged,454
R00423,O003626,P0056,Changed Mind,14462
R00424,O009635,P0112,Damaged,9685
R00425,O000192,P0124,Defective,22137
R00426,O004890,P0003,Defective,12266
R00427,O002321,P0059,Late Delivery,18074
R00428,O005908,P0072,Defective,7377
R00429,O005081,P0138,Late Delivery,14235
R00430,O003952,P0177,Defective,21264
R00431,O006412,P0071,Damaged,11204
R00432,O000292,P0012,Wrong Size,25418
R00433,O006065,P0072,Damaged,22131
R00434,O006366,P0154,Damaged,4571
R00435,O000961,P0087,Defective,14353
R00436,O009795,P0113,Defective,20694
R00437,O003500,P0124,Wrong Size,7379
R00438,O001556,P0123,Late Delivery,18762
R00439,O001723,P0177,Changed Mind,7088
R00440,O006652,P0005,Defective,688
R00441,O007973,P0119,Damaged,352
R00442,O007479,P0147,Damaged,11374
R00443,O009477,P0021,Wrong Size,12865
R00444,O007561,P0185,Late Delivery,13204
R00445,O000343,P0044,Damaged,5408
R00446,O001543,P0109,Late Delivery,28296
R00447,O002382,P0059,Changed Mind,9037
R00448,O003216,P0199,Changed Mind,14099
R00449,O005666,P0120,Late Delivery,7000
R00450,O009144,P0097,Late Delivery,1728
R00451,O000167,P0158,Wrong Size,3852
R00452,O004213,P0122,Changed Mind,23672
R00453,O001317,P0090,Defective,26632
R00454,O006283,P0137,Damaged,12834
R00455,O004659,P0136,Late Delivery,3688
R00456,O004840,P0036,Defective,13364
R00457,O004776,P0048,Wrong Size,8869
R00458,O001885,P0142,Changed Mind,36552
R00459,O004841,P0181,Damaged,5178
R00460,O001056,P0011,Damaged,4752
R00461,O009511,P0174,Damaged,25524
R00462,O000252,P0029,Changed Mind,2877
R00463,O000815,P0119,Wrong Size,352
R00464,O006989,P0126,Changed Mind,33426
R00465,O004998,P0136,Late Delivery,922
R00466,O005164,P0147,Late Delivery,11374
R00467,O002216,P0151,Late Delivery,29282
R00468,O009724,P0104,Damaged,3766
R00469,O006764,P0109,Defective,14148
R00470,O009998,P0167,Defective,14698
R00471,O004278,P0192,Damaged,7661
R00472,O008545,P0095,Defective,40314
R00473,O007056,P0176,Damaged,37132
R00474,O000676,P0011,Wrong Size,4752
R00475,O006855,P0199,Defective,56396
R00476,O004844,P0026,Defective,44720
R00477,O000971,P0086,Late Delivery,7139
R00478,O002743,P0145,Wrong Size,15750
R00479,O002782,P0168,Damaged,6511
R00480,O003313,P0158,Defective,3852
R00481,O004172,P0147,Defective,45496
R00482,O006902,P0050,Wrong Size,22738
R00483,O008946,P0053,Defective,8373
R00484,O005676,P0123,Damaged,6254
R00485,O008058,P0070,Damaged,23760
R00486,O000518,P0029,Defective,11508
R00487,O004053,P0175,Late Delivery,5544
R00488,O005751,P0090,Changed Mind,39948
R00489,O009085,P0089,Wrong Size,1193
R00490,O007301,P0091,Wrong Size,6678
R00491,O003462,P0144,Changed Mind,7241
R00492,O001693,P0082,Defective,45170
R00493,O002681,P0189,Changed Mind,7760
R00494,O005800,P0090,Late Delivery,13316
R00495,O002239,P0196,Defective,59300
R00496,O004668,P0052,Late Delivery,4054
R00497,O006698,P0094,Late Delivery,29054
R00498,O004256,P0056,Late Delivery,14462
R00499,O006266,P0185,Wrong Size,26408
R00500,O000783,P0094,Changed Mind,29054
R00501,O005784,P0028,Defective,8951
R00502,O005009,P0146,Wrong Size,29854
R00503,O005836,P0061,Late Delivery,519
R00504,O009505,P0181,Changed Mind,5178
R00505,O008432,P0182,Late Delivery,7243
R00506,O000136,P0005,Wrong Size,1376
R00507,O005488,P0077,Defective,1363
R00508,O003907,P0096,Changed Mind,2056
R00509,O005282,P0147,Damaged,11374
R00510,O000184,P0180,Wrong Size,6853
R00511,O008873,P0133,Late Delivery,16960
R00512,O009248,P0107,Defective,42190
R00513,O002002,P0125,Changed Mind,10221
R00514,O005717,P0078,Wrong Size,7900
R00515,O009908,P0078,Defective,3950
R00516,O003191,P0040,Defective,14909
R00517,O008012,P0096,Wrong Size,1028
R00518,O008869,P0070,Wrong Size,11880
R00519,O003720,P0198,Changed Mind,3066
R00520,O000305,P0197,Defective,15140
R00521,O007779,P0094,Late Delivery,14527
R00522,O009708,P0121,Wrong Size,8488
R00523,O009531,P0128,Defective,4533
R00524,O005381,P0167,Defective,7349
R00525,O001664,P0112,Changed Mind,9685
R00526,O000574,P0139,Changed Mind,18476
R00527,O007947,P0078,Damaged,11850
R00528,O005708,P0079,Damaged,14284
R00529,O007152,P0018,Changed Mind,13788
R00530,O005070,P0152,Wrong Size,6276
R00531,O007111,P0126,Late Delivery,22284
R00532,O009049,P0143,Damaged,9743
R00533,O001908,P0127,Damaged,11068
R00534,O006770,P0110,Late Delivery,19898
R00535,O009967,P0153,Damaged,26036
R00536,O002679,P0154,Changed Mind,18284
R00537,O002951,P0129,Late Delivery,24726
R00538,O002689,P0095,Late Delivery,26876
R00539,O002743,P0145,Damaged,10500
R00540,O008013,P0141,Defective,1432
R00541,O001292,P0135,Changed Mind,10592
R00542,O005349,P0135,Late Delivery,42368
R00543,O005262,P0066,Defective,4606
R00544,O001031,P0146,Wrong Size,44781
R00545,O003133,P0056,Defective,28924
R00546,O006508,P0140,Changed Mind,18778
R00547,O002463,P0093,Changed Mind,23815
R00548,O007274,P0107,Late Delivery,8438
R00549,O007069,P0125,Defective,10221
R00550,O001422,P0183,Changed Mind,7818
R00551,O007714,P0081,Defective,11160
R00552,O004392,P0136,Wrong Size,922
R00553,O007009,P0137,Wrong Size,51336
R00554,O004102,P0085,Wrong Size,43984
R00555,O004086,P0184,Changed Mind,11269
R00556,O001104,P0015,Wrong Size,13423
R00557,O008611,P0078,Damaged,3950
R00558,O004707,P0167,Defective,14698
R00559,O005644,P0041,Late Delivery,6130
R00560,O007168,P0024,Changed Mind,10615
R00561,O006784,P0004,Defective,9874
R00562,O001781,P0135,Damaged,21184
R00563,O006255,P0128,Wrong Size,4533
R00564,O007295,P0056,Wrong Size,28924
R00565,O007558,P0110,Changed Mind,39796
R00566,O003752,P0196,Damaged,29650
R00567,O001984,P0044,Damaged,5408
R00568,O005718,P0002,Late Delivery,8424
R00569,O007407,P0162,Wrong Size,11333
R00570,O001601,P0011,Late Delivery,14256
R00571,O008746,P0042,Damaged,8548
R00572,O006628,P0200,Late Delivery,2384
R00573,O007757,P0053,Defective,2791
R00574,O008937,P0088,Changed Mind,33696
R00575,O003664,P0039,Changed Mind,12439
R00576,O000743,P0136,Defective,1844
R00577,O008963,P0152,Damaged,12552
R00578,O008309,P0010,Defective,23276
R00579,O006120,P0178,Late Delivery,11297
R00580,O008505,P0100,Changed Mind,2897
R00581,O004336,P0156,Defective,19220
R00582,O000619,P0019,Wrong Size,19318
R00583,O004659,P0136,Late Delivery,1844
R00584,O009106,P0063,Changed Mind,2298
R00585,O007082,P0073,Defective,8728
R00586,O003363,P0196,Damaged,59300
R00587,O000557,P0023,Changed Mind,25708
R00588,O003565,P0200,Late Delivery,4768
R00589,O001282,P0066,Damaged,2303
R00590,O001535,P0160,Changed Mind,14361
R00591,O003113,P0024,Late Delivery,10615
R00592,O002486,P0102,Changed Mind,4873
R00593,O008522,P0188,Defective,5190
R00594,O005561,P0043,Defective,37746
R00595,O003756,P0168,Defective,32555
R00596,O003766,P0066,Damaged,6909
R00597,O001835,P0003,Defective,49064
R00598,O004690,P0011,Late Delivery,19008
R00599,O004180,P0168,Changed Mind,6511
R00600,O007820,P0086,Wrong Size,7139
R00601,O009093,P0194,Defective,8299
R00602,O003832,P0182,Late Delivery,21729
R00603,O002155,P0077,Wrong Size,5452
R00604,O009149,P0091,Defective,3339
R00605,O005961,P0159,Damaged,13456
R00606,O009497,P0135,Wrong Size,21184
R00607,O008256,P0150,Changed Mind,4078
R00608,O000560,P0197,Wrong Size,3785
R00609,O003279,P0008,Late Delivery,15244
R00610,O001040,P0040,Late Delivery,14909
R00611,O003908,P0093,Wrong Size,14289
R00612,O001191,P0101,Late Delivery,13192
R00613,O006614,P0065,Defective,13569
R00614,O008371,P0167,Late Delivery,22047
R00615,O009796,P0009,Defective,26922
R00616,O002620,P0099,Late Delivery,11106
R00617,O008696,P0125,Changed Mind,10221
R00618,O000063,P0025,Damaged,6265
R00619,O004067,P0001,Changed Mind,609
R00620,O006840,P0116,Late Delivery,12330
R00621,O001222,P0100,Wrong Size,8691
R00622,O008368,P0030,Wrong Size,18488
R00623,O009988,P0054,Wrong Size,60150
R00624,O008849,P0163,Damaged,652
R00625,O000949,P0115,Changed Mind,8944
R00626,O003012,P0111,Late Delivery,6815
R00627,O004488,P0158,Late Delivery,19260
R00628,O005708,P0079,Wrong Size,42852
R00629,O004016,P0151,Late Delivery,43923
R00630,O008464,P0159,Wrong Size,13456
R00631,O002857,P0147,Defective,22748
R00632,O002743,P0145,Damaged,26250
R00633,O006789,P0028,Defective,8951
R00634,O005582,P0129,Late Delivery,12363
R00635,O003788,P0119,Defective,1408
R00636,O008165,P0026,Changed Mind,11180
R00637,O001058,P0070,Changed Mind,35640
R00638,O006320,P0143,Late Delivery,9743
R00639,O001387,P0035,Damaged,3683
R00640,O002465,P0118,Changed Mind,7691
R00641,O004184,P0182,Damaged,14486
R00642,O001724,P0029,Wrong Size,2877
R00643,O009206,P0191,Wrong Size,31936
R00644,O002100,P0120,Damaged,4200
R00645,O007315,P0196,Damaged,74125
R00646,O005403,P0142,Late Delivery,9138
R00647,O003508,P0084,Late Delivery,6638
R00648,O001151,P0184,Late Delivery,22538
R00649,O002129,P0080,Late Delivery,8623
R00650,O006673,P0033,Defective,20316
R00651,O006816,P0174,Wrong Size,25524
R00652,O001086,P0178,Wrong Size,45188
R00653,O009132,P0057,Changed Mind,13989
R00654,O006991,P0076,Damaged,9841
R00655,O004781,P0056,Defective,14462
R00656,O009727,P0061,Changed Mind,1038
R00657,O003594,P0185,Late Delivery,13204
R00658,O003993,P0113,Wrong Size,41388
R00659,O006088,P0127,Late Delivery,11068
R00660,O008310,P0082,Damaged,18068
R00661,O003628,P0060,Damaged,20026
R00662,O007421,P0193,Late Delivery,11969
R00663,O008595,P0044,Damaged,8112
R00664,O002263,P0195,Changed Mind,7851
R00665,O005558,P0056,Changed Mind,14462
R00666,O006783,P0080,Defective,17246
R00667,O007206,P0109,Damaged,42444
R00668,O008870,P0165,Changed Mind,1652
R00669,O003115,P0028,Changed Mind,35804
R00670,O000615,P0014,Damaged,6081
R00671,O004402,P0177,Damaged,14176
R00672,O000072,P0137,Wrong Size,12834
R00673,O006389,P0135,Late Delivery,10592
R00674,O002547,P0022,Defective,56852
R00675,O008472,P0127,Wrong Size,33204
R00676,O005454,P0005,Changed Mind,688
R00677,O006521,P0189,Defective,11640
R00678,O000056,P0144,Wrong Size,7241
R00679,O006735,P0129,Wrong Size,12363
R00680,O009652,P0064,Damaged,1603
R00681,O003651,P0043,Changed Mind,12582
R00682,O004982,P0168,Wrong Size,26044
R00683,O004186,P0168,Defective,6511
R00684,O007161,P0164,Changed Mind,3125
R00685,O008397,P0099,Late Delivery,11106
R00686,O005227,P0037,Defective,2540
R00687,O008586,P0135,Late Delivery,10592
R00688,O009726,P0125,Late Delivery,10221
R00689,O008127,P0062,Changed Mind,14596
R00690,O003386,P0048,Defective,8869
R00691,O002096,P0043,Changed Mind,25164
R00692,O000529,P0189,Wrong Size,15520
R00693,O006016,P0057,Changed Mind,41967
R00694,O002976,P0091,Damaged,3339
R00695,O001081,P0029,Late Delivery,5754
R00696,O007346,P0025,Damaged,18795
R00697,O005233,P0002,Late Delivery,4212
R00698,O008544,P0026,Late Delivery,22360
R00699,O002433,P0072,Changed Mind,7377
R00700,O000177,P0132,Late Delivery,34389
R00701,O000053,P0107,Damaged,33752
R00702,O000972,P0113,Damaged,31041
R00703,O007846,P0110,Wrong Size,9949
R00704,O001898,P0200,Defective,11920
R00705,O006632,P0075,Defective,9838
R00706,O007072,P0011,Late Delivery,4752
R00707,O006686,P0091,Defective,6678
R00708,O003174,P0031,Defective,22832
R00709,O006201,P0001,Late Delivery,609
R00710,O002696,P0098,Damaged,13716
R00711,O006137,P0163,Late Delivery,1304
R00712,O009665,P0086,Defective,7139
R00713,O004807,P0048,Wrong Size,8869
R00714,O006342,P0131,Changed Mind,11957
R00715,O005377,P0007,Late Delivery,28185
R00716,O005931,P0029,Damaged,5754
R00717,O000274,P0177,Late Delivery,35440
R00718,O003122,P0127,Damaged,22136
R00719,O006848,P0102,Defective,9746
R00720,O003185,P0171,Wrong Size,18501
R00721,O008955,P0179,Wrong Size,30852
R00722,O009962,P0128,Changed Mind,18132
R00723,O009641,P0159,Late Delivery,6728
R00724,O000823,P0134,Changed Mind,14062
R00725,O008420,P0115,Late Delivery,8944
R00726,O008480,P0011,Changed Mind,4752
R00727,O004726,P0130,Defective,4662
R00728,O000322,P0188,Wrong Size,1730
R00729,O003655,P0149,Damaged,41472
R00730,O004262,P0166,Damaged,5863
R00731,O002263,P0195,Late Delivery,2617
R00732,O009237,P0089,Wrong Size,1193
R00733,O000927,P0055,Wrong Size,8401
R00734,O009951,P0101,Wrong Size,6596
R00735,O009842,P0080,Damaged,17246
R00736,O003530,P0133,Defective,16960
R00737,O001389,P0020,Wrong Size,2850
R00738,O005301,P0184,Damaged,45076
R00739,O009940,P0133,Changed Mind,25440
R00740,O000501,P0157,Defective,23712
R00741,O003040,P0017,Damaged,1491
R00742,O006347,P0093,Changed Mind,9526
R00743,O002149,P0122,Wrong Size,5918
R00744,O006252,P0154,Wrong Size,18284
R00745,O005710,P0084,Late Delivery,6638
R00746,O007243,P0158,Defective,11556
R00747,O006067,P0179,Defective,10284
R00748,O004667,P0183,Defective,15636
R00749,O006537,P0078,Late Delivery,3950
R00750,O007918,P0016,Late Delivery,35940
R00751,O009933,P0180,Damaged,6853
R00752,O002108,P0071,Wrong Size,11204
R00753,O009855,P0173,Late Delivery,44272
R00754,O003574,P0016,Late Delivery,8985
R00755,O009656,P0147,Late Delivery,45496
R00756,O005139,P0060,Damaged,10013
R00757,O009546,P0100,Defective,5794
R00758,O000494,P0084,Changed Mind,9957
R00759,O005481,P0064,Damaged,1603
R00760,O002675,P0046,Changed Mind,19942
R00761,O004885,P0006,Wrong Size,20055
R00762,O008657,P0136,Wrong Size,1844
R00763,O009634,P0068,Late Delivery,35380
R00764,O009363,P0177,Damaged,7088
R00765,O003860,P0072,Late Delivery,29508
R00766,O007978,P0080,Damaged,34492
R00767,O008294,P0162,Changed Mind,33999
R00768,O006404,P0067,Changed Mind,9207
R00769,O008510,P0098,Late Delivery,6858
R00770,O003801,P0085,Changed Mind,10996
R00771,O004867,P0090,Defective,13316
R00772,O005302,P0118,Changed Mind,7691
R00773,O004675,P0162,Changed Mind,11333
R00774,O004612,P0076,Damaged,9841
R00775,O007643,P0056,Damaged,28924
R00776,O007505,P0179,Defective,41136
R00777,O002257,P0107,Damaged,16876
R00778,O004468,P0026,Damaged,22360
R00779,O007872,P0049,Changed Mind,11345
R00780,O001045,P0014,Defective,12162
R00781,O004138,P0083,Late Delivery,4181
R00782,O009005,P0135,Late Delivery,31776
R00783,O000899,P0153,Late Delivery,13018
R00784,O001481,P0195,Changed Mind,5234
R00785,O002031,P0106,Damaged,2042
R00786,O000120,P0129,Wrong Size,24726
R00787,O008948,P0119,Wrong Size,352
R00788,O003742,P0095,Damaged,26876
R00789,O008573,P0082,Changed Mind,9034
R00790,O000305,P0197,Changed Mind,11355
R00791,O008765,P0130,Late Delivery,9324
R00792,O007522,P0079,Defective,42852
R00793,O007696,P0129,Damaged,12363
R00794,O001742,P0109,Wrong Size,14148
R00795,O009841,P0075,Wrong Size,19676
R00796,O006451,P0156,Late Delivery,15376
R00797,O004989,P0141,Late Delivery,1432
R00798,O001508,P0095,Late Delivery,26876
R00799,O001099,P0088,Changed Mind,11232
R00800,O002971,P0125,Late Delivery,40884
R00801,O007204,P0047,Changed Mind,25808
R00802,O001147,P0054,Late Delivery,12030
R00803,O003711,P0111,Changed Mind,27260
R00804,O003402,P0176,Changed Mind,9283
R00805,O003962,P0138,Defective,2847
R00806,O002334,P0064,Late Delivery,1603
R00807,O004966,P0041,Changed Mind,6130
R00808,O004967,P0023,Defective,12854
R00809,O006593,P0049,Late Delivery,22690
R00810,O004536,P0145,Changed Mind,5250
R00811,O007414,P0191,Defective,15968
R00812,O003687,P0180,Late Delivery,13706
R00813,O004408,P0114,Wrong Size,21940
R00814,O009227,P0080,Damaged,17246
R00815,O001691,P0043,Wrong Size,12582
R00816,O007620,P0011,Late Delivery,9504
R00817,O000793,P0126,Changed Mind,11142
R00818,O001250,P0188,Wrong Size,5190
R00819,O004089,P0063,Damaged,2298
R00820,O008727,P0063,Defective,1149
R00821,O009654,P0183,Wrong Size,7818
R00822,O005823,P0073,Wrong Size,4364
R00823,O005265,P0052,Defective,6081
R00824,O005815,P0035,Late Delivery,14732
R00825,O006862,P0010,Changed Mind,11638
R00826,O000629,P0118,Defective,15382
R00827,O003580,P0158,Wrong Size,3852
R00828,O005180,P0165,Wrong Size,826
R00829,O000239,P0124,Damaged,7379
R00830,O005133,P0056,Late Delivery,43386
R00831,O008422,P0113,Damaged,10347
R00832,O007573,P0191,Late Delivery,23952
R00833,O006837,P0033,Defective,6772
R00834,O007871,P0048,Late Delivery,44345
R00835,O003234,P0131,Wrong Size,11957
R00836,O003917,P0058,Damaged,2704
R00837,O005091,P0031,Wrong Size,11416
R00838,O001535,P0160,Changed Mind,28722
R00839,O004203,P0045,Damaged,26354
R00840,O006452,P0118,Late Delivery,7691
R00841,O006786,P0008,Wrong Size,3811
R00842,O000870,P0182,Late Delivery,21729
R00843,O001071,P0138,Defective,2847
R00844,O001275,P0032,Changed Mind,11856
R00845,O001033,P0005,Late Delivery,688
R00846,O002959,P0141,Late Delivery,4296
R00847,O002303,P0029,Wrong Size,8631
R00848,O007013,P0170,Damaged,681
R00849,O005932,P0177,Damaged,7088
R00850,O001042,P0007,Wrong Size,9395
R00851,O003611,P0107,Changed Mind,25314
R00852,O006740,P0196,Late Delivery,29650
R00853,O007137,P0148,Damaged,11988
R00854,O000849,P0064,Defective,8015
R00855,O008406,P0012,Changed Mind,12709
R00856,O008359,P0096,Changed Mind,1028
R00857,O004917,P0001,Wrong Size,1827
R00858,O003474,P0178,Damaged,33891
R00859,O002952,P0035,Damaged,7366
R00860,O002055,P0197,Changed Mind,15140
R00861,O000039,P0107,Late Delivery,25314
R00862,O008376,P0081,Defective,22320
R00863,O008304,P0095,Damaged,13438
R00864,O005458,P0048,Defective,8869
R00865,O004216,P0138,Defective,11388
R00866,O004477,P0105,Changed Mind,12454
R00867,O008241,P0091,Damaged,3339
R00868,O006133,P0087,Changed Mind,28706
R00869,O004267,P0020,Defective,1900
R00870,O005166,P0152,Damaged,6276
R00871,O005757,P0098,Defective,6858
R00872,O000975,P0093,Late Delivery,4763
R00873,O007058,P0165,Defective,826
R00874,O005715,P0150,Changed Mind,8156
R00875,O003581,P0128,Late Delivery,9066
R00876,O005378,P0075,Wrong Size,9838
R00877,O003802,P0112,Defective,29055
R00878,O008768,P0011,Damaged,9504
R00879,O005069,P0012,Wrong Size,25418
R00880,O004448,P0194,Wrong Size,8299
R00881,O005250,P0013,Damaged,1719
R00882,O001003,P0183,Changed Mind,15636
R00883,O003453,P0023,Defective,19281
R00884,O005816,P0172,Defective,22164
R00885,O009179,P0193,Late Delivery,11969
R00886,O000248,P0097,Damaged,1728
R00887,O009533,P0083,Defective,4181
R00888,O003931,P0030,Damaged,4622
R00889,O003051,P0124,Changed Mind,14758
R00890,O006364,P0060,Wrong Size,10013
R00891,O005421,P0141,Damaged,4296
R00892,O005673,P0046,Late Delivery,19942
R00893,O008274,P0019,Damaged,9659
R00894,O006087,P0165,Late Delivery,826
R00895,O007252,P0192,Changed Mind,15322
R00896,O003760,P0084,Changed Mind,6638
R00897,O009870,P0060,Changed Mind,20026
R00898,O003401,P0004,Defective,9874
R00899,O009476,P0193,Damaged,11969
R00900,O008840,P0031,Changed Mind,34248
R00901,O005792,P0003,Late Delivery,49064
R00902,O008696,P0125,Wrong Size,10221
R00903,O009272,P0032,Damaged,15808
R00904,O002951,P0129,Changed Mind,24726
R00905,O009896,P0023,Late Delivery,12854
R00906,O000199,P0004,Defective,19748
R00907,O005921,P0092,Changed Mind,2496
R00908,O006623,P0022,Defective,56852
R00909,O004790,P0067,Damaged,9207
R00910,O002579,P0048,Damaged,8869
R00911,O007664,P0133,Defective,8480
R00912,O002565,P0175,Late Delivery,5544
R00913,O008754,P0130,Changed Mind,18648
R00914,O005844,P0160,Changed Mind,14361
R00915,O005378,P0075,Defective,9838
R00916,O002166,P0196,Defective,14825
R00917,O005594,P0002,Wrong Size,4212
R00918,O004131,P0110,Late Delivery,9949
R00919,O007582,P0072,Damaged,14754
R00920,O009520,P0170,Defective,908
R00921,O004255,P0030,Changed Mind,4622
R00922,O007865,P0136,Late Delivery,922
R00923,O002749,P0135,Defective,21184
R00924,O004881,P0095,Damaged,26876
R00925,O000214,P0144,Late Delivery,14482
R00926,O001659,P0187,Changed Mind,17290
R00927,O001323,P0063,Changed Mind,1149
R00928,O001980,P0037,Defective,2540
R00929,O000950,P0186,Wrong Size,21988
R00930,O008001,P0102,Wrong Size,4873
R00931,O006469,P0158,Changed Mind,7704
R00932,O002054,P0134,Late Delivery,14062
R00933,O006428,P0197,Late Delivery,11355
R00934,O006887,P0059,Damaged,18074
R00935,O001086,P0178,Defective,45188
R00936,O009391,P0171,Wrong Size,12334
R00937,O002998,P0162,Late Delivery,22666
R00938,O006887,P0059,Damaged,9037
R00939,O000409,P0052,Changed Mind,2027
R00940,O001744,P0062,Wrong Size,14596
R00941,O000085,P0050,Defective,11369
R00942,O001312,P0095,Changed Mind,26876
R00943,O002925,P0114,Defective,32910
R00944,O002595,P0176,Changed Mind,9283
R00945,O000974,P0022,Late Delivery,28426
R00946,O001139,P0087,Late Delivery,28706
R00947,O004388,P0044,Wrong Size,2704
R00948,O009009,P0100,Late Delivery,2897
R00949,O004863,P0033,Wrong Size,33860
R00950,O003853,P0052,Defective,2027
R00951,O008041,P0196,Wrong Size,14825
R00952,O002142,P0169,Damaged,17492
R00953,O004131,P0110,Damaged,9949
R00954,O001896,P0065,Defective,54276
R00955,O000791,P0006,Late Delivery,4011
R00956,O007047,P0008,Late Delivery,11433
R00957,O003882,P0119,Late Delivery,1408
R00958,O008657,P0136,Changed Mind,2766
R00959,O002696,P0098,Defective,13716
R00960,O002003,P0034,Changed Mind,3656
R00961,O000645,P0048,Defective,17738
R00962,O002637,P0122,Changed Mind,5918
R00963,O008254,P0142,Damaged,18276
R00964,O008734,P0073,Defective,2182
R00965,O001557,P0038,Late Delivery,4240
R00966,O005650,P0193,Late Delivery,11969
R00967,O007618,P0054,Late Delivery,24060
R00968,O008837,P0083,Damaged,8362
R00969,O005975,P0184,Late Delivery,33807
R00970,O000349,P0054,Wrong Size,24060
R00971,O006529,P0141,Late Delivery,4296
R00972,O009652,P0064,Damaged,1603
R00973,O009883,P0081,Defective,11160
R00974,O009554,P0023,Changed Mind,19281
R00975,O009568,P0155,Wrong Size,25868
R00976,O008672,P0059,Damaged,36148
R00977,O005153,P0004,Wrong Size,9874
R00978,O000705,P0150,Changed Mind,4078
R00979,O004736,P0137,Damaged,12834
R00980,O003172,P0057,Damaged,13989
R00981,O000407,P0108,Damaged,3393
R00982,O008923,P0134,Wrong Size,14062
R00983,O007586,P0176,Defective,9283
R00984,O000385,P0194,Wrong Size,16598
R00985,O007678,P0134,Damaged,28124
R00986,O004291,P0105,Late Delivery,12454
R00987,O003315,P0130,Changed Mind,9324
R00988,O004762,P0182,Defective,14486
R00989,O003455,P0187,Changed Mind,8645
R00990,O005596,P0135,Defective,10592
R00991,O007719,P0066,Wrong Size,6909
R00992,O003315,P0130,Defective,4662
R00993,O005718,P0002,Changed Mind,4212
R00994,O001471,P0172,Late Delivery,11082
R00995,O006362,P0123,Wrong Size,18762
R00996,O004067,P0001,Defective,1827
R00997,O000868,P0022,Damaged,14213
R00998,O008770,P0022,Changed Mind,56852
R00999,O001296,P0052,Defective,2027
R01000,O006019,P0154,Changed Mind,4571
R01001,O004958,P0122,Damaged,5918
R01002,O000985,P0089,Late Delivery,1193
R01003,O007610,P0010,Late Delivery,11638
R01004,O001520,P0182,Defective,7243
R01005,O007295,P0056,Defective,28924
R01006,O008463,P0061,Defective,519
R01007,O009252,P0062,Changed Mind,14596
R01008,O007437,P0072,Late Delivery,29508
R01009,O003818,P0006,Damaged,8022
R01010,O001397,P0176,Damaged,18566
R01011,O006853,P0113,Late Delivery,10347
R01012,O007400,P0097,Defective,1728
R01013,O000205,P0147,Late Delivery,11374
R01014,O006471,P0114,Changed Mind,10970
R01015,O008618,P0087,Late Delivery,28706
R01016,O006868,P0171,Damaged,6167
R01017,O004765,P0123,Late Delivery,6254
R01018,O005734,P0033,Changed Mind,20316
R01019,O007008,P0006,Changed Mind,12033
R01020,O005500,P0122,Wrong Size,11836
R01021,O004782,P0115,Wrong Size,4472
R01022,O002825,P0179,Damaged,41136
R01023,O007279,P0192,Late Delivery,30644
R01024,O007904,P0026,Wrong Size,55900
R01025,O006127,P0167,Defective,14698
R01026,O006321,P0157,Defective,5928
R01027,O002640,P0087,Wrong Size,14353
R01028,O000494,P0084,Defective,9957
R01029,O000279,P0113,Changed Mind,20694
R01030,O001013,P0031,Late Delivery,11416
R01031,O005754,P0123,Defective,18762
R01032,O009993,P0036,Late Delivery,13364
R01033,O002308,P0068,Wrong Size,8845
R01034,O005030,P0151,Late Delivery,58564
R01035,O002474,P0190,Damaged,2400
R01036,O001234,P0017,Defective,2982
R01037,O009972,P0058,Damaged,2704
R01038,O003771,P0129,Changed Mind,37089
R01039,O001502,P0092,Late Delivery,2496
R01040,O009498,P0039,Defective,24878
R01041,O003035,P0198,Changed Mind,3066
R01042,O008338,P0072,Defective,7377
R01043,O006695,P0183,Late Delivery,7818
R01044,O003163,P0172,Defective,55410
R01045,O008768,P0011,Defective,9504
R01046,O001374,P0193,Changed Mind,11969
R01047,O004310,P0090,Wrong Size,26632
R01048,O009297,P0049,Wrong Size,22690
R01049,O004091,P0102,Damaged,19492
R01050,O008642,P0162,Defective,22666
R01051,O007257,P0115,Changed Mind,8944
R01052,O004660,P0138,Late Delivery,2847
R01053,O004830,P0088,Damaged,11232
R01054,O006954,P0143,Late Delivery,19486
R01055,O002364,P0049,Defective,22690
R01056,O004756,P0002,Wrong Size,4212
R01057,O006670,P0154,Damaged,4571
R01058,O004939,P0102,Wrong Size,9746
R01059,O002295,P0024,Late Delivery,10615
R01060,O004946,P0174,Changed Mind,34032
R01061,O000397,P0047,Changed Mind,12904
R01062,O009564,P0115,Damaged,4472
R01063,O006892,P0004,Wrong Size,9874
R01064,O009118,P0187,Damaged,17290
R01065,O004339,P0098,Changed Mind,6858
R01066,O006188,P0183,Wrong Size,15636
R01067,O007812,P0099,Wrong Size,7404
R01068,O001673,P0073,Wrong Size,4364
R01069,O008540,P0019,Defective,9659
R01070,O009182,P0198,Late Delivery,2044
R01071,O006594,P0083,Wrong Size,8362
R01072,O000116,P0097,Damaged,1728
R01073,O007248,P0158,Damaged,11556
R01074,O007662,P0127,Late Delivery,22136
R01075,O002984,P0195,Wrong Size,7851
R01076,O006569,P0039,Changed Mind,24878
R01077,O008455,P0176,Damaged,9283
R01078,O006754,P0118,Changed Mind,7691
R01079,O001091,P0013,Late Delivery,3438
R01080,O001183,P0137,Late Delivery,12834
R01081,O004056,P0059,Damaged,18074
R01082,O009067,P0161,Damaged,11906
R01083,O004269,P0140,Late Delivery,9389
R01084,O005360,P0060,Defective,30039
R01085,O000377,P0007,Damaged,37580
R01086,O004257,P0081,Damaged,55800
R01087,O000714,P0067,Late Delivery,18414
R01088,O006874,P0184,Damaged,11269
R01089,O008482,P0012,Damaged,12709
R01090,O003701,P0178,Changed Mind,11297
R01091,O001949,P0156,Wrong Size,15376
R01092,O007139,P0045,Defective,26354
R01093,O008779,P0017,Wrong Size,1491
R01094,O005737,P0177,Changed Mind,21264
R01095,O008859,P0107,Wrong Size,8438
R01096,O004197,P0006,Damaged,4011
R01097,O004702,P0063,Changed Mind,5745
R01098,O001945,P0056,Late Delivery,14462
R01099,O003097,P0031,Damaged,22832
R01100,O005067,P0128,Defective,9066
R01101,O006946,P0120,Damaged,2800
R01102,O006675,P0014,Defective,18243
R01103,O001618,P0111,Defective,6815
R01104,O000535,P0125,Defective,20442
R01105,O007578,P0091,Wrong Size,3339
R01106,O002776,P0171,Changed Mind,6167
R01107,O005135,P0164,Changed Mind,3125
R01108,O004616,P0089,Changed Mind,1193
R01109,O001623,P0048,Wrong Size,8869
R01110,O007780,P0021,Defective,12865
R01111,O007249,P0024,Late Delivery,10615
R01112,O005271,P0016,Late Delivery,17970
R01113,O003189,P0009,Changed Mind,13461
R01114,O009678,P0172,Defective,11082
R01115,O004617,P0030,Damaged,4622
R01116,O009338,P0080,Damaged,8623
R01117,O008621,P0175,Defective,5544
R01118,O000472,P0158,Changed Mind,11556
R01119,O002622,P0148,Wrong Size,5994
R01120,O006593,P0049,Damaged,11345
R01121,O009913,P0033,Changed Mind,6772
R01122,O005338,P0100,Changed Mind,8691
R01123,O000540,P0014,Wrong Size,18243
R01124,O009258,P0153,Wrong Size,52072
R01125,O006895,P0122,Damaged,5918
R01126,O002077,P0090,Late Delivery,39948
R01127,O009095,P0085,Late Delivery,10996
R01128,O008597,P0101,Defective,6596
R01129,O003900,P0074,Changed Mind,4996
R01130,O005247,P0146,Late Delivery,29854
R01131,O006784,P0004,Defective,9874
R01132,O009084,P0118,Defective,7691
R01133,O009497,P0135,Changed Mind,10592
R01134,O001969,P0152,Changed Mind,15690
R01135,O008380,P0081,Defective,11160
R01136,O004054,P0080,Defective,8623
R01137,O005443,P0105,Wrong Size,49816
R01138,O008816,P0061,Wrong Size,1557
R01139,O006510,P0129,Changed Mind,49452
R01140,O002626,P0006,Wrong Size,4011
R01141,O003124,P0136,Defective,1844
R01142,O001156,P0066,Defective,11515
R01143,O001025,P0100,Late Delivery,2897
R01144,O002725,P0163,Wrong Size,652
R01145,O006201,P0001,Late Delivery,609
R01146,O001849,P0174,Damaged,25524
R01147,O001133,P0113,Damaged,10347
R01148,O009478,P0131,Changed Mind,11957
R01149,O007297,P0163,Defective,1304
R01150,O007444,P0045,Wrong Size,13177
R01151,O009738,P0105,Damaged,24908
R01152,O009153,P0027,Late Delivery,10180
R01153,O005442,P0033,Changed Mind,6772
R01154,O005020,P0033,Changed Mind,6772
R01155,O006398,P0105,Wrong Size,49816
R01156,O004413,P0023,Changed Mind,19281
R01157,O005754,P0123,Changed Mind,6254
R01158,O000869,P0178,Changed Mind,22594
R01159,O003764,P0113,Wrong Size,31041
R01160,O005952,P0064,Changed Mind,4809
R01161,O007464,P0162,Wrong Size,11333
R01162,O004302,P0129,Late Delivery,24726
R01163,O008449,P0017,Changed Mind,1491
R01164,O007122,P0116,Defective,20550
R01165,O000439,P0173,Damaged,33204
R01166,O009095,P0085,Late Delivery,21992
R01167,O003408,P0010,Defective,34914
R01168,O002451,P0195,Changed Mind,5234
R01169,O001414,P0134,Damaged,14062
R01170,O009990,P0144,Damaged,7241
R01171,O007023,P0194,Late Delivery,8299
R01172,O002570,P0033,Defective,6772
R01173,O007606,P0091,Changed Mind,3339
R01174,O004503,P0050,Damaged,34107
R01175,O008871,P0044,Defective,2704
R01176,O009215,P0135,Changed Mind,10592
R01177,O007754,P0103,Wrong Size,8208
R01178,O005525,P0137,Changed Mind,12834
R01179,O008783,P0050,Late Delivery,11369
R01180,O009616,P0129,Damaged,12363
R01181,O000723,P0096,Changed Mind,2056
R01182,O006896,P0102,Wrong Size,24365
R01183,O008467,P0004,Late Delivery,29622
R01184,O008849,P0163,Defective,652
R01185,O003038,P0182,Defective,7243
R01186,O009134,P0088,Defective,33696
R01187,O007485,P0110,Defective,9949
R01188,O009337,P0199,Late Delivery,14099
R01189,O003446,P0194,Damaged,33196
R01190,O005268,P0006,Wrong Size,4011
R01191,O005410,P0093,Damaged,14289
R01192,O006909,P0019,Changed Mind,9659
R01193,O008966,P0192,Damaged,30644
R01194,O009827,P0022,Defective,14213
R01195,O001703,P0060,Damaged,50065
R01196,O001823,P0122,Wrong Size,5918
R01197,O006229,P0016,Wrong Size,26955
R01198,O003068,P0144,Damaged,21723
R01199,O004677,P0185,Late Delivery,13204
R01200,O000077,P0122,Wrong Size,11836
